MonsterLevelID,MonsterLevel,MonsterAttackDamage,MonsterDefense,MonsterHP,MonsterShield
2110101,1,13,6,42,21
2110102,2,13,7,46,23
2110103,3,14,8,49,25
2110104,4,15,9,53,27
2110105,5,16,10,57,29
2110106,6,17,10,65,32
2110107,7,19,11,72,36
2110108,8,21,12,80,40
2110109,9,22,13,87,44
2110110,10,24,14,95,48
2110111,11,27,17,106,53
2110112,12,30,20,118,59
2110113,13,33,23,129,65
2110114,14,36,26,141,70
2110115,15,40,29,152,76
2110116,16,46,31,182,91
2110117,17,51,34,213,106
2110118,18,57,37,243,122
2110119,19,63,40,274,137
2110120,20,69,43,304,152
2110121,21,79,57,350,175
2110122,22,89,71,395,198
2110123,23,99,86,441,220
2110124,24,109,100,486,243
2110125,25,119,114,532,266
2110126,26,135,128,600,300
2110127,27,150,143,669,334
2110128,28,166,157,737,369
2110129,29,182,171,806,403
2110130,30,198,185,874,437
2110131,31,222,209,965,483
2110132,32,246,233,1056,528
2110133,33,269,257,1148,574
2110134,34,293,280,1239,619
2110135,35,317,304,1330,665
2110136,36,348,328,1444,722
2110137,37,380,352,1558,779
2110138,38,412,375,1672,836
2110139,39,444,399,1786,893
2110140,40,475,423,1900,950
2110141,41,515,451,2052,1026
2110142,42,554,480,2204,1102
2110143,43,594,508,2356,1178
2110144,44,634,537,2508,1254
2110145,45,673,565,2660,1330
2110146,46,733,594,2831,1416
2110147,47,792,622,3002,1501
2110148,48,851,651,3173,1587
2110149,49,911,679,3344,1672
2110150,50,970,708,3515,1758
2110151,51,1041,736,3715,1857
2110152,52,1113,765,3914,1957
2110153,53,1184,793,4114,2057
2110154,54,1255,822,4313,2157
2110155,55,1327,850,4513,2256
2110156,56,1406,879,4741,2370
2110157,57,1485,907,4969,2484
2110158,58,1564,936,5197,2598
2110159,59,1643,964,5425,2712
2110160,60,1723,993,5653,2826
2210101,1,13,6,42,21
2210102,2,13,7,46,23
2210103,3,14,8,49,25
2210104,4,15,9,53,27
2210105,5,16,10,57,29
2210106,6,17,10,65,32
2210107,7,19,11,72,36
2210108,8,21,12,80,40
2210109,9,22,13,87,44
2210110,10,24,14,95,48
2210111,11,27,17,106,53
2210112,12,30,20,118,59
2210113,13,33,23,129,65
2210114,14,36,26,141,70
2210115,15,40,29,152,76
2210116,16,46,31,182,91
2210117,17,51,34,213,106
2210118,18,57,37,243,122
2210119,19,63,40,274,137
2210120,20,69,43,304,152
2210121,21,79,57,350,175
2210122,22,89,71,395,198
2210123,23,99,86,441,220
2210124,24,109,100,486,243
2210125,25,119,114,532,266
2210126,26,135,128,600,300
2210127,27,150,143,669,334
2210128,28,166,157,737,369
2210129,29,182,171,806,403
2210130,30,198,185,874,437
2210131,31,222,209,965,483
2210132,32,246,233,1056,528
2210133,33,269,257,1148,574
2210134,34,293,280,1239,619
2210135,35,317,304,1330,665
2210136,36,348,328,1444,722
2210137,37,380,352,1558,779
2210138,38,412,375,1672,836
2210139,39,444,399,1786,893
2210140,40,475,423,1900,950
2210141,41,515,451,2052,1026
2210142,42,554,480,2204,1102
2210143,43,594,508,2356,1178
2210144,44,634,537,2508,1254
2210145,45,673,565,2660,1330
2210146,46,733,594,2831,1416
2210147,47,792,622,3002,1501
2210148,48,851,651,3173,1587
2210149,49,911,679,3344,1672
2210150,50,970,708,3515,1758
2210151,51,1041,736,3715,1857
2210152,52,1113,765,3914,1957
2210153,53,1184,793,4114,2057
2210154,54,1255,822,4313,2157
2210155,55,1327,850,4513,2256
2210156,56,1406,879,4741,2370
2210157,57,1485,907,4969,2484
2210158,58,1564,936,5197,2598
2210159,59,1643,964,5425,2712
2210160,60,1723,993,5653,2826
2310101,1,13,6,42,21
2310102,2,13,7,46,23
2310103,3,14,8,49,25
2310104,4,15,9,53,27
2310105,5,16,10,57,29
2310106,6,17,10,65,32
2310107,7,19,11,72,36
2310108,8,21,12,80,40
2310109,9,22,13,87,44
2310110,10,24,14,95,48
2310111,11,27,17,106,53
2310112,12,30,20,118,59
2310113,13,33,23,129,65
2310114,14,36,26,141,70
2310115,15,40,29,152,76
2310116,16,46,31,182,91
2310117,17,51,34,213,106
2310118,18,57,37,243,122
2310119,19,63,40,274,137
2310120,20,69,43,304,152
2310121,21,79,57,350,175
2310122,22,89,71,395,198
2310123,23,99,86,441,220
2310124,24,109,100,486,243
2310125,25,119,114,532,266
2310126,26,135,128,600,300
2310127,27,150,143,669,334
2310128,28,166,157,737,369
2310129,29,182,171,806,403
2310130,30,198,185,874,437
2310131,31,222,209,965,483
2310132,32,246,233,1056,528
2310133,33,269,257,1148,574
2310134,34,293,280,1239,619
2310135,35,317,304,1330,665
2310136,36,348,328,1444,722
2310137,37,380,352,1558,779
2310138,38,412,375,1672,836
2310139,39,444,399,1786,893
2310140,40,475,423,1900,950
2310141,41,515,451,2052,1026
2310142,42,554,480,2204,1102
2310143,43,594,508,2356,1178
2310144,44,634,537,2508,1254
2310145,45,673,565,2660,1330
2310146,46,733,594,2831,1416
2310147,47,792,622,3002,1501
2310148,48,851,651,3173,1587
2310149,49,911,679,3344,1672
2310150,50,970,708,3515,1758
2310151,51,1041,736,3715,1857
2310152,52,1113,765,3914,1957
2310153,53,1184,793,4114,2057
2310154,54,1255,822,4313,2157
2310155,55,1327,850,4513,2256
2310156,56,1406,879,4741,2370
2310157,57,1485,907,4969,2484
2310158,58,1564,936,5197,2598
2310159,59,1643,964,5425,2712
2310160,60,1723,993,5653,2826
2120101,1,13,5,33,17
2120102,2,13,6,36,18
2120103,3,14,7,40,20
2120104,4,15,8,43,21
2120105,5,16,9,46,23
2120106,6,17,10,52,26
2120107,7,19,11,58,29
2120108,8,21,12,64,32
2120109,9,22,13,70,35
2120110,10,24,14,76,38
2120111,11,27,16,85,43
2120112,12,30,19,94,47
2120113,13,33,22,103,52
2120114,14,36,24,112,56
2120115,15,40,27,122,61
2120116,16,46,30,146,73
2120117,17,51,32,170,85
2120118,18,57,35,195,97
2120119,19,63,38,219,109
2120120,20,69,41,243,122
2120121,21,79,54,280,140
2120122,22,89,68,316,158
2120123,23,99,81,353,176
2120124,24,109,95,389,195
2120125,25,119,108,426,213
2120126,26,135,122,480,240
2120127,27,150,135,535,268
2120128,28,166,149,590,295
2120129,29,182,162,644,322
2120130,30,198,176,699,350
2120131,31,222,199,772,386
2120132,32,246,221,845,423
2120133,33,269,244,918,459
2120134,34,293,266,991,496
2120135,35,317,289,1064,532
2120136,36,348,311,1155,578
2120137,37,380,334,1246,623
2120138,38,412,356,1338,669
2120139,39,444,379,1429,714
2120140,40,475,402,1520,760
2120141,41,515,429,1642,821
2120142,42,554,456,1763,882
2120143,43,594,483,1885,942
2120144,44,634,510,2006,1003
2120145,45,673,537,2128,1064
2120146,46,733,564,2265,1132
2120147,47,792,591,2402,1201
2120148,48,851,618,2538,1269
2120149,49,911,645,2675,1338
2120150,50,970,672,2812,1406
2120151,51,1041,699,2972,1486
2120152,52,1113,727,3131,1566
2120153,53,1184,754,3291,1645
2120154,54,1255,781,3450,1725
2120155,55,1327,808,3610,1805
2120156,56,1406,835,3792,1896
2120157,57,1485,862,3975,1987
2120158,58,1564,889,4157,2079
2120159,59,1643,916,4340,2170
2120160,60,1723,943,4522,2261
2220101,1,13,5,33,17
2220102,2,13,6,36,18
2220103,3,14,7,40,20
2220104,4,15,8,43,21
2220105,5,16,9,46,23
2220106,6,17,10,52,26
2220107,7,19,11,58,29
2220108,8,21,12,64,32
2220109,9,22,13,70,35
2220110,10,24,14,76,38
2220111,11,27,16,85,43
2220112,12,30,19,94,47
2220113,13,33,22,103,52
2220114,14,36,24,112,56
2220115,15,40,27,122,61
2220116,16,46,30,146,73
2220117,17,51,32,170,85
2220118,18,57,35,195,97
2220119,19,63,38,219,109
2220120,20,69,41,243,122
2220121,21,79,54,280,140
2220122,22,89,68,316,158
2220123,23,99,81,353,176
2220124,24,109,95,389,195
2220125,25,119,108,426,213
2220126,26,135,122,480,240
2220127,27,150,135,535,268
2220128,28,166,149,590,295
2220129,29,182,162,644,322
2220130,30,198,176,699,350
2220131,31,222,199,772,386
2220132,32,246,221,845,423
2220133,33,269,244,918,459
2220134,34,293,266,991,496
2220135,35,317,289,1064,532
2220136,36,348,311,1155,578
2220137,37,380,334,1246,623
2220138,38,412,356,1338,669
2220139,39,444,379,1429,714
2220140,40,475,402,1520,760
2220141,41,515,429,1642,821
2220142,42,554,456,1763,882
2220143,43,594,483,1885,942
2220144,44,634,510,2006,1003
2220145,45,673,537,2128,1064
2220146,46,733,564,2265,1132
2220147,47,792,591,2402,1201
2220148,48,851,618,2538,1269
2220149,49,911,645,2675,1338
2220150,50,970,672,2812,1406
2220151,51,1041,699,2972,1486
2220152,52,1113,727,3131,1566
2220153,53,1184,754,3291,1645
2220154,54,1255,781,3450,1725
2220155,55,1327,808,3610,1805
2220156,56,1406,835,3792,1896
2220157,57,1485,862,3975,1987
2220158,58,1564,889,4157,2079
2220159,59,1643,916,4340,2170
2220160,60,1723,943,4522,2261
2320101,1,13,5,33,17
2320102,2,13,6,36,18
2320103,3,14,7,40,20
2320104,4,15,8,43,21
2320105,5,16,9,46,23
2320106,6,17,10,52,26
2320107,7,19,11,58,29
2320108,8,21,12,64,32
2320109,9,22,13,70,35
2320110,10,24,14,76,38
2320111,11,27,16,85,43
2320112,12,30,19,94,47
2320113,13,33,22,103,52
2320114,14,36,24,112,56
2320115,15,40,27,122,61
2320116,16,46,30,146,73
2320117,17,51,32,170,85
2320118,18,57,35,195,97
2320119,19,63,38,219,109
2320120,20,69,41,243,122
2320121,21,79,54,280,140
2320122,22,89,68,316,158
2320123,23,99,81,353,176
2320124,24,109,95,389,195
2320125,25,119,108,426,213
2320126,26,135,122,480,240
2320127,27,150,135,535,268
2320128,28,166,149,590,295
2320129,29,182,162,644,322
2320130,30,198,176,699,350
2320131,31,222,199,772,386
2320132,32,246,221,845,423
2320133,33,269,244,918,459
2320134,34,293,266,991,496
2320135,35,317,289,1064,532
2320136,36,348,311,1155,578
2320137,37,380,334,1246,623
2320138,38,412,356,1338,669
2320139,39,444,379,1429,714
2320140,40,475,402,1520,760
2320141,41,515,429,1642,821
2320142,42,554,456,1763,882
2320143,43,594,483,1885,942
2320144,44,634,510,2006,1003
2320145,45,673,537,2128,1064
2320146,46,733,564,2265,1132
2320147,47,792,591,2402,1201
2320148,48,851,618,2538,1269
2320149,49,911,645,2675,1338
2320150,50,970,672,2812,1406
2320151,51,1041,699,2972,1486
2320152,52,1113,727,3131,1566
2320153,53,1184,754,3291,1645
2320154,54,1255,781,3450,1725
2320155,55,1327,808,3610,1805
2320156,56,1406,835,3792,1896
2320157,57,1485,862,3975,1987
2320158,58,1564,889,4157,2079
2320159,59,1643,916,4340,2170
2320160,60,1723,943,4522,2261
2130101,1,11,6,46,23
2130102,2,11,7,50,25
2130103,3,12,8,54,27
2130104,4,13,9,59,29
2130105,5,13,10,63,31
2130106,6,15,10,71,36
2130107,7,16,11,79,40
2130108,8,18,12,88,44
2130109,9,19,13,96,48
2130110,10,20,14,105,52
2130111,11,23,17,117,59
2130112,12,26,20,130,65
2130113,13,28,23,142,71
2130114,14,31,26,155,77
2130115,15,34,29,167,84
2130116,16,39,31,201,100
2130117,17,44,34,234,117
2130118,18,49,37,268,134
2130119,19,54,40,301,150
2130120,20,59,43,334,167
2130121,21,67,57,385,192
2130122,22,76,71,435,217
2130123,23,84,86,485,242
2130124,24,93,100,535,268
2130125,25,101,114,585,293
2130126,26,114,128,660,330
2130127,27,128,143,736,368
2130128,28,141,157,811,405
2130129,29,155,171,886,443
2130130,30,168,185,961,481
2130131,31,188,209,1062,531
2130132,32,209,233,1162,581
2130133,33,229,257,1262,631
2130134,34,249,280,1363,681
2130135,35,269,304,1463,732
2130136,36,296,328,1588,794
2130137,37,323,352,1714,857
2130138,38,350,375,1839,920
2130139,39,377,399,1965,982
2130140,40,404,423,2090,1045
2130141,41,438,451,2257,1129
2130142,42,471,480,2424,1212
2130143,43,505,508,2592,1296
2130144,44,539,537,2759,1379
2130145,45,572,565,2926,1463
2130146,46,623,594,3114,1557
2130147,47,673,622,3302,1651
2130148,48,724,651,3490,1745
2130149,49,774,679,3678,1839
2130150,50,825,708,3867,1933
2130151,51,885,736,4086,2043
2130152,52,946,765,4305,2153
2130153,53,1006,793,4525,2262
2130154,54,1067,822,4744,2372
2130155,55,1128,850,4964,2482
2130156,56,1195,879,5215,2607
2130157,57,1262,907,5465,2733
2130158,58,1330,936,5716,2858
2130159,59,1397,964,5967,2983
2130160,60,1464,993,6218,3109
2230101,1,11,6,46,23
2230102,2,11,7,50,25
2230103,3,12,8,54,27
2230104,4,13,9,59,29
2230105,5,13,10,63,31
2230106,6,15,10,71,36
2230107,7,16,11,79,40
2230108,8,18,12,88,44
2230109,9,19,13,96,48
2230110,10,20,14,105,52
2230111,11,23,17,117,59
2230112,12,26,20,130,65
2230113,13,28,23,142,71
2230114,14,31,26,155,77
2230115,15,34,29,167,84
2230116,16,39,31,201,100
2230117,17,44,34,234,117
2230118,18,49,37,268,134
2230119,19,54,40,301,150
2230120,20,59,43,334,167
2230121,21,67,57,385,192
2230122,22,76,71,435,217
2230123,23,84,86,485,242
2230124,24,93,100,535,268
2230125,25,101,114,585,293
2230126,26,114,128,660,330
2230127,27,128,143,736,368
2230128,28,141,157,811,405
2230129,29,155,171,886,443
2230130,30,168,185,961,481
2230131,31,188,209,1062,531
2230132,32,209,233,1162,581
2230133,33,229,257,1262,631
2230134,34,249,280,1363,681
2230135,35,269,304,1463,732
2230136,36,296,328,1588,794
2230137,37,323,352,1714,857
2230138,38,350,375,1839,920
2230139,39,377,399,1965,982
2230140,40,404,423,2090,1045
2230141,41,438,451,2257,1129
2230142,42,471,480,2424,1212
2230143,43,505,508,2592,1296
2230144,44,539,537,2759,1379
2230145,45,572,565,2926,1463
2230146,46,623,594,3114,1557
2230147,47,673,622,3302,1651
2230148,48,724,651,3490,1745
2230149,49,774,679,3678,1839
2230150,50,825,708,3867,1933
2230151,51,885,736,4086,2043
2230152,52,946,765,4305,2153
2230153,53,1006,793,4525,2262
2230154,54,1067,822,4744,2372
2230155,55,1128,850,4964,2482
2230156,56,1195,879,5215,2607
2230157,57,1262,907,5465,2733
2230158,58,1330,936,5716,2858
2230159,59,1397,964,5967,2983
2230160,60,1464,993,6218,3109
2330101,1,11,6,46,23
2330102,2,11,7,50,25
2330103,3,12,8,54,27
2330104,4,13,9,59,29
2330105,5,13,10,63,31
2330106,6,15,10,71,36
2330107,7,16,11,79,40
2330108,8,18,12,88,44
2330109,9,19,13,96,48
2330110,10,20,14,105,52
2330111,11,23,17,117,59
2330112,12,26,20,130,65
2330113,13,28,23,142,71
2330114,14,31,26,155,77
2330115,15,34,29,167,84
2330116,16,39,31,201,100
2330117,17,44,34,234,117
2330118,18,49,37,268,134
2330119,19,54,40,301,150
2330120,20,59,43,334,167
2330121,21,67,57,385,192
2330122,22,76,71,435,217
2330123,23,84,86,485,242
2330124,24,93,100,535,268
2330125,25,101,114,585,293
2330126,26,114,128,660,330
2330127,27,128,143,736,368
2330128,28,141,157,811,405
2330129,29,155,171,886,443
2330130,30,168,185,961,481
2330131,31,188,209,1062,531
2330132,32,209,233,1162,581
2330133,33,229,257,1262,631
2330134,34,249,280,1363,681
2330135,35,269,304,1463,732
2330136,36,296,328,1588,794
2330137,37,323,352,1714,857
2330138,38,350,375,1839,920
2330139,39,377,399,1965,982
2330140,40,404,423,2090,1045
2330141,41,438,451,2257,1129
2330142,42,471,480,2424,1212
2330143,43,505,508,2592,1296
2330144,44,539,537,2759,1379
2330145,45,572,565,2926,1463
2330146,46,623,594,3114,1557
2330147,47,673,622,3302,1651
2330148,48,724,651,3490,1745
2330149,49,774,679,3678,1839
2330150,50,825,708,3867,1933
2330151,51,885,736,4086,2043
2330152,52,946,765,4305,2153
2330153,53,1006,793,4525,2262
2330154,54,1067,822,4744,2372
2330155,55,1128,850,4964,2482
2330156,56,1195,879,5215,2607
2330157,57,1262,907,5465,2733
2330158,58,1330,936,5716,2858
2330159,59,1397,964,5967,2983
2330160,60,1464,993,6218,3109
2140101,1,13,6,42,21
2140102,2,13,7,46,23
2140103,3,14,8,49,25
2140104,4,15,9,53,27
2140105,5,16,10,57,29
2140106,6,17,10,65,32
2140107,7,19,11,72,36
2140108,8,21,12,80,40
2140109,9,22,13,87,44
2140110,10,24,14,95,48
2140111,11,27,17,106,53
2140112,12,30,20,118,59
2140113,13,33,23,129,65
2140114,14,36,26,141,70
2140115,15,40,29,152,76
2140116,16,46,31,182,91
2140117,17,51,34,213,106
2140118,18,57,37,243,122
2140119,19,63,40,274,137
2140120,20,69,43,304,152
2140121,21,79,57,350,175
2140122,22,89,71,395,198
2140123,23,99,86,441,220
2140124,24,109,100,486,243
2140125,25,119,114,532,266
2140126,26,135,128,600,300
2140127,27,150,143,669,334
2140128,28,166,157,737,369
2140129,29,182,171,806,403
2140130,30,198,185,874,437
2140131,31,222,209,965,483
2140132,32,246,233,1056,528
2140133,33,269,257,1148,574
2140134,34,293,280,1239,619
2140135,35,317,304,1330,665
2140136,36,348,328,1444,722
2140137,37,380,352,1558,779
2140138,38,412,375,1672,836
2140139,39,444,399,1786,893
2140140,40,475,423,1900,950
2140141,41,515,451,2052,1026
2140142,42,554,480,2204,1102
2140143,43,594,508,2356,1178
2140144,44,634,537,2508,1254
2140145,45,673,565,2660,1330
2140146,46,733,594,2831,1416
2140147,47,792,622,3002,1501
2140148,48,851,651,3173,1587
2140149,49,911,679,3344,1672
2140150,50,970,708,3515,1758
2140151,51,1041,736,3715,1857
2140152,52,1113,765,3914,1957
2140153,53,1184,793,4114,2057
2140154,54,1255,822,4313,2157
2140155,55,1327,850,4513,2256
2140156,56,1406,879,4741,2370
2140157,57,1485,907,4969,2484
2140158,58,1564,936,5197,2598
2140159,59,1643,964,5425,2712
2140160,60,1723,993,5653,2826
2240101,1,11,6,46,23
2240102,2,11,7,50,25
2240103,3,12,8,54,27
2240104,4,13,9,59,29
2240105,5,13,10,63,31
2240106,6,15,10,71,36
2240107,7,16,11,79,40
2240108,8,18,12,88,44
2240109,9,19,13,96,48
2240110,10,20,14,105,52
2240111,11,23,17,117,59
2240112,12,26,20,130,65
2240113,13,28,23,142,71
2240114,14,31,26,155,77
2240115,15,34,29,167,84
2240116,16,39,31,201,100
2240117,17,44,34,234,117
2240118,18,49,37,268,134
2240119,19,54,40,301,150
2240120,20,59,43,334,167
2240121,21,67,57,385,192
2240122,22,76,71,435,217
2240123,23,84,86,485,242
2240124,24,93,100,535,268
2240125,25,101,114,585,293
2240126,26,114,128,660,330
2240127,27,128,143,736,368
2240128,28,141,157,811,405
2240129,29,155,171,886,443
2240130,30,168,185,961,481
2240131,31,188,209,1062,531
2240132,32,209,233,1162,581
2240133,33,229,257,1262,631
2240134,34,249,280,1363,681
2240135,35,269,304,1463,732
2240136,36,296,328,1588,794
2240137,37,323,352,1714,857
2240138,38,350,375,1839,920
2240139,39,377,399,1965,982
2240140,40,404,423,2090,1045
2240141,41,438,451,2257,1129
2240142,42,471,480,2424,1212
2240143,43,505,508,2592,1296
2240144,44,539,537,2759,1379
2240145,45,572,565,2926,1463
2240146,46,623,594,3114,1557
2240147,47,673,622,3302,1651
2240148,48,724,651,3490,1745
2240149,49,774,679,3678,1839
2240150,50,825,708,3867,1933
2240151,51,885,736,4086,2043
2240152,52,946,765,4305,2153
2240153,53,1006,793,4525,2262
2240154,54,1067,822,4744,2372
2240155,55,1128,850,4964,2482
2240156,56,1195,879,5215,2607
2240157,57,1262,907,5465,2733
2240158,58,1330,936,5716,2858
2240159,59,1397,964,5967,2983
2240160,60,1464,993,6218,3109
2340101,1,11,6,46,23
2340102,2,11,7,50,25
2340103,3,12,8,54,27
2340104,4,13,9,59,29
2340105,5,13,10,63,31
2340106,6,15,10,71,36
2340107,7,16,11,79,40
2340108,8,18,12,88,44
2340109,9,19,13,96,48
2340110,10,20,14,105,52
2340111,11,23,17,117,59
2340112,12,26,20,130,65
2340113,13,28,23,142,71
2340114,14,31,26,155,77
2340115,15,34,29,167,84
2340116,16,39,31,201,100
2340117,17,44,34,234,117
2340118,18,49,37,268,134
2340119,19,54,40,301,150
2340120,20,59,43,334,167
2340121,21,67,57,385,192
2340122,22,76,71,435,217
2340123,23,84,86,485,242
2340124,24,93,100,535,268
2340125,25,101,114,585,293
2340126,26,114,128,660,330
2340127,27,128,143,736,368
2340128,28,141,157,811,405
2340129,29,155,171,886,443
2340130,30,168,185,961,481
2340131,31,188,209,1062,531
2340132,32,209,233,1162,581
2340133,33,229,257,1262,631
2340134,34,249,280,1363,681
2340135,35,269,304,1463,732
2340136,36,296,328,1588,794
2340137,37,323,352,1714,857
2340138,38,350,375,1839,920
2340139,39,377,399,1965,982
2340140,40,404,423,2090,1045
2340141,41,438,451,2257,1129
2340142,42,471,480,2424,1212
2340143,43,505,508,2592,1296
2340144,44,539,537,2759,1379
2340145,45,572,565,2926,1463
2340146,46,623,594,3114,1557
2340147,47,673,622,3302,1651
2340148,48,724,651,3490,1745
2340149,49,774,679,3678,1839
2340150,50,825,708,3867,1933
2340151,51,885,736,4086,2043
2340152,52,946,765,4305,2153
2340153,53,1006,793,4525,2262
2340154,54,1067,822,4744,2372
2340155,55,1128,850,4964,2482
2340156,56,1195,879,5215,2607
2340157,57,1262,907,5465,2733
2340158,58,1330,936,5716,2858
2340159,59,1397,964,5967,2983
2340160,60,1464,993,6218,3109
2150101,1,13,6,33,17
2150102,2,14,7,36,18
2150103,3,15,8,40,20
2150104,4,16,9,43,21
2150105,5,17,10,46,23
2150106,6,18,10,52,26
2150107,7,20,11,58,29
2150108,8,22,12,64,32
2150109,9,23,13,70,35
2150110,10,25,14,76,38
2150111,11,28,17,85,43
2150112,12,32,20,94,47
2150113,13,35,23,103,52
2150114,14,38,26,112,56
2150115,15,42,29,122,61
2150116,16,48,31,146,73
2150117,17,54,34,170,85
2150118,18,60,37,195,97
2150119,19,67,40,219,109
2150120,20,73,43,243,122
2150121,21,83,57,280,140
2150122,22,94,71,316,158
2150123,23,104,86,353,176
2150124,24,114,100,389,195
2150125,25,125,114,426,213
2150126,26,141,128,480,240
2150127,27,158,143,535,268
2150128,28,175,157,590,295
2150129,29,191,171,644,322
2150130,30,208,185,699,350
2150131,31,233,209,772,386
2150132,32,258,233,845,423
2150133,33,283,257,918,459
2150134,34,308,280,991,496
2150135,35,333,304,1064,532
2150136,36,366,328,1155,578
2150137,37,399,352,1246,623
2150138,38,432,375,1338,669
2150139,39,466,399,1429,714
2150140,40,499,423,1520,760
2150141,41,541,451,1642,821
2150142,42,582,480,1763,882
2150143,43,624,508,1885,942
2150144,44,665,537,2006,1003
2150145,45,707,565,2128,1064
2150146,46,769,594,2265,1132
2150147,47,832,622,2402,1201
2150148,48,894,651,2538,1269
2150149,49,956,679,2675,1338
2150150,50,1019,708,2812,1406
2150151,51,1094,736,2972,1486
2150152,52,1168,765,3131,1566
2150153,53,1243,793,3291,1645
2150154,54,1318,822,3450,1725
2150155,55,1393,850,3610,1805
2150156,56,1476,879,3792,1896
2150157,57,1559,907,3975,1987
2150158,58,1642,936,4157,2079
2150159,59,1726,964,4340,2170
2150160,60,1809,993,4522,2261
2250101,1,13,6,33,17
2250102,2,14,7,36,18
2250103,3,15,8,40,20
2250104,4,16,9,43,21
2250105,5,17,10,46,23
2250106,6,18,10,52,26
2250107,7,20,11,58,29
2250108,8,22,12,64,32
2250109,9,23,13,70,35
2250110,10,25,14,76,38
2250111,11,28,17,85,43
2250112,12,32,20,94,47
2250113,13,35,23,103,52
2250114,14,38,26,112,56
2250115,15,42,29,122,61
2250116,16,48,31,146,73
2250117,17,54,34,170,85
2250118,18,60,37,195,97
2250119,19,67,40,219,109
2250120,20,73,43,243,122
2250121,21,83,57,280,140
2250122,22,94,71,316,158
2250123,23,104,86,353,176
2250124,24,114,100,389,195
2250125,25,125,114,426,213
2250126,26,141,128,480,240
2250127,27,158,143,535,268
2250128,28,175,157,590,295
2250129,29,191,171,644,322
2250130,30,208,185,699,350
2250131,31,233,209,772,386
2250132,32,258,233,845,423
2250133,33,283,257,918,459
2250134,34,308,280,991,496
2250135,35,333,304,1064,532
2250136,36,366,328,1155,578
2250137,37,399,352,1246,623
2250138,38,432,375,1338,669
2250139,39,466,399,1429,714
2250140,40,499,423,1520,760
2250141,41,541,451,1642,821
2250142,42,582,480,1763,882
2250143,43,624,508,1885,942
2250144,44,665,537,2006,1003
2250145,45,707,565,2128,1064
2250146,46,769,594,2265,1132
2250147,47,832,622,2402,1201
2250148,48,894,651,2538,1269
2250149,49,956,679,2675,1338
2250150,50,1019,708,2812,1406
2250151,51,1094,736,2972,1486
2250152,52,1168,765,3131,1566
2250153,53,1243,793,3291,1645
2250154,54,1318,822,3450,1725
2250155,55,1393,850,3610,1805
2250156,56,1476,879,3792,1896
2250157,57,1559,907,3975,1987
2250158,58,1642,936,4157,2079
2250159,59,1726,964,4340,2170
2250160,60,1809,993,4522,2261
2350101,1,13,6,33,17
2350102,2,14,7,36,18
2350103,3,15,8,40,20
2350104,4,16,9,43,21
2350105,5,17,10,46,23
2350106,6,18,10,52,26
2350107,7,20,11,58,29
2350108,8,22,12,64,32
2350109,9,23,13,70,35
2350110,10,25,14,76,38
2350111,11,28,17,85,43
2350112,12,32,20,94,47
2350113,13,35,23,103,52
2350114,14,38,26,112,56
2350115,15,42,29,122,61
2350116,16,48,31,146,73
2350117,17,54,34,170,85
2350118,18,60,37,195,97
2350119,19,67,40,219,109
2350120,20,73,43,243,122
2350121,21,83,57,280,140
2350122,22,94,71,316,158
2350123,23,104,86,353,176
2350124,24,114,100,389,195
2350125,25,125,114,426,213
2350126,26,141,128,480,240
2350127,27,158,143,535,268
2350128,28,175,157,590,295
2350129,29,191,171,644,322
2350130,30,208,185,699,350
2350131,31,233,209,772,386
2350132,32,258,233,845,423
2350133,33,283,257,918,459
2350134,34,308,280,991,496
2350135,35,333,304,1064,532
2350136,36,366,328,1155,578
2350137,37,399,352,1246,623
2350138,38,432,375,1338,669
2350139,39,466,399,1429,714
2350140,40,499,423,1520,760
2350141,41,541,451,1642,821
2350142,42,582,480,1763,882
2350143,43,624,508,1885,942
2350144,44,665,537,2006,1003
2350145,45,707,565,2128,1064
2350146,46,769,594,2265,1132
2350147,47,832,622,2402,1201
2350148,48,894,651,2538,1269
2350149,49,956,679,2675,1338
2350150,50,1019,708,2812,1406
2350151,51,1094,736,2972,1486
2350152,52,1168,765,3131,1566
2350153,53,1243,793,3291,1645
2350154,54,1318,822,3450,1725
2350155,55,1393,850,3610,1805
2350156,56,1476,879,3792,1896
2350157,57,1559,907,3975,1987
2350158,58,1642,936,4157,2079
2350159,59,1726,964,4340,2170
2350160,60,1809,993,4522,2261
2110201,1,10,5,29,15
2110202,2,11,6,32,16
2110203,3,11,7,35,17
2110204,4,12,8,37,19
2110205,5,13,9,40,20
2110206,6,14,9,45,23
2110207,7,15,10,51,25
2110208,8,16,11,56,28
2110209,9,18,12,61,31
2110210,10,19,13,67,33
2110211,11,22,15,74,37
2110212,12,24,18,82,41
2110213,13,27,21,90,45
2110214,14,29,23,98,49
2110215,15,32,26,106,53
2110216,16,36,28,128,64
2110217,17,41,31,149,74
2110218,18,46,33,170,85
2110219,19,51,36,192,96
2110220,20,55,38,213,106
2110221,21,63,51,245,122
2110222,22,71,64,277,138
2110223,23,79,77,309,154
2110224,24,87,90,340,170
2110225,25,95,103,372,186
2110226,26,108,115,420,210
2110227,27,120,128,468,234
2110228,28,133,141,516,258
2110229,29,146,154,564,282
2110230,30,158,167,612,306
2110231,31,177,188,676,338
2110232,32,196,209,739,370
2110233,33,215,231,803,402
2110234,34,234,252,867,434
2110235,35,253,274,931,466
2110236,36,279,295,1011,505
2110237,37,304,316,1091,545
2110238,38,329,338,1170,585
2110239,39,355,359,1250,625
2110240,40,380,380,1330,665
2110241,41,412,406,1436,718
2110242,42,444,432,1543,771
2110243,43,475,457,1649,825
2110244,44,507,483,1756,878
2110245,45,539,509,1862,931
2110246,46,586,534,1982,991
2110247,47,634,560,2101,1051
2110248,48,681,586,2221,1111
2110249,49,729,611,2341,1170
2110250,50,776,637,2461,1230
2110251,51,833,663,2600,1300
2110252,52,890,688,2740,1370
2110253,53,947,714,2879,1440
2110254,54,1004,740,3019,1510
2110255,55,1061,765,3159,1579
2110256,56,1125,791,3318,1659
2110257,57,1188,817,3478,1739
2110258,58,1251,842,3638,1819
2110259,59,1315,868,3797,1899
2110260,60,1378,893,3957,1978
2210201,1,10,5,29,15
2210202,2,11,6,32,16
2210203,3,11,7,35,17
2210204,4,12,8,37,19
2210205,5,13,9,40,20
2210206,6,14,9,45,23
2210207,7,15,10,51,25
2210208,8,16,11,56,28
2210209,9,18,12,61,31
2210210,10,19,13,67,33
2210211,11,22,15,74,37
2210212,12,24,18,82,41
2210213,13,27,21,90,45
2210214,14,29,23,98,49
2210215,15,32,26,106,53
2210216,16,36,28,128,64
2210217,17,41,31,149,74
2210218,18,46,33,170,85
2210219,19,51,36,192,96
2210220,20,55,38,213,106
2210221,21,63,51,245,122
2210222,22,71,64,277,138
2210223,23,79,77,309,154
2210224,24,87,90,340,170
2210225,25,95,103,372,186
2210226,26,108,115,420,210
2210227,27,120,128,468,234
2210228,28,133,141,516,258
2210229,29,146,154,564,282
2210230,30,158,167,612,306
2210231,31,177,188,676,338
2210232,32,196,209,739,370
2210233,33,215,231,803,402
2210234,34,234,252,867,434
2210235,35,253,274,931,466
2210236,36,279,295,1011,505
2210237,37,304,316,1091,545
2210238,38,329,338,1170,585
2210239,39,355,359,1250,625
2210240,40,380,380,1330,665
2210241,41,412,406,1436,718
2210242,42,444,432,1543,771
2210243,43,475,457,1649,825
2210244,44,507,483,1756,878
2210245,45,539,509,1862,931
2210246,46,586,534,1982,991
2210247,47,634,560,2101,1051
2210248,48,681,586,2221,1111
2210249,49,729,611,2341,1170
2210250,50,776,637,2461,1230
2210251,51,833,663,2600,1300
2210252,52,890,688,2740,1370
2210253,53,947,714,2879,1440
2210254,54,1004,740,3019,1510
2210255,55,1061,765,3159,1579
2210256,56,1125,791,3318,1659
2210257,57,1188,817,3478,1739
2210258,58,1251,842,3638,1819
2210259,59,1315,868,3797,1899
2210260,60,1378,893,3957,1978
2310201,1,10,5,29,15
2310202,2,11,6,32,16
2310203,3,11,7,35,17
2310204,4,12,8,37,19
2310205,5,13,9,40,20
2310206,6,14,9,45,23
2310207,7,15,10,51,25
2310208,8,16,11,56,28
2310209,9,18,12,61,31
2310210,10,19,13,67,33
2310211,11,22,15,74,37
2310212,12,24,18,82,41
2310213,13,27,21,90,45
2310214,14,29,23,98,49
2310215,15,32,26,106,53
2310216,16,36,28,128,64
2310217,17,41,31,149,74
2310218,18,46,33,170,85
2310219,19,51,36,192,96
2310220,20,55,38,213,106
2310221,21,63,51,245,122
2310222,22,71,64,277,138
2310223,23,79,77,309,154
2310224,24,87,90,340,170
2310225,25,95,103,372,186
2310226,26,108,115,420,210
2310227,27,120,128,468,234
2310228,28,133,141,516,258
2310229,29,146,154,564,282
2310230,30,158,167,612,306
2310231,31,177,188,676,338
2310232,32,196,209,739,370
2310233,33,215,231,803,402
2310234,34,234,252,867,434
2310235,35,253,274,931,466
2310236,36,279,295,1011,505
2310237,37,304,316,1091,545
2310238,38,329,338,1170,585
2310239,39,355,359,1250,625
2310240,40,380,380,1330,665
2310241,41,412,406,1436,718
2310242,42,444,432,1543,771
2310243,43,475,457,1649,825
2310244,44,507,483,1756,878
2310245,45,539,509,1862,931
2310246,46,586,534,1982,991
2310247,47,634,560,2101,1051
2310248,48,681,586,2221,1111
2310249,49,729,611,2341,1170
2310250,50,776,637,2461,1230
2310251,51,833,663,2600,1300
2310252,52,890,688,2740,1370
2310253,53,947,714,2879,1440
2310254,54,1004,740,3019,1510
2310255,55,1061,765,3159,1579
2310256,56,1125,791,3318,1659
2310257,57,1188,817,3478,1739
2310258,58,1251,842,3638,1819
2310259,59,1315,868,3797,1899
2310260,60,1378,893,3957,1978
2120201,1,13,6,42,21
2120202,2,13,7,46,23
2120203,3,14,8,49,25
2120204,4,15,9,53,27
2120205,5,16,10,57,29
2120206,6,17,10,65,32
2120207,7,19,11,72,36
2120208,8,21,12,80,40
2120209,9,22,13,87,44
2120210,10,24,14,95,48
2120211,11,27,17,106,53
2120212,12,30,20,118,59
2120213,13,33,23,129,65
2120214,14,36,26,141,70
2120215,15,40,29,152,76
2120216,16,46,31,182,91
2120217,17,51,34,213,106
2120218,18,57,37,243,122
2120219,19,63,40,274,137
2120220,20,69,43,304,152
2120221,21,79,57,350,175
2120222,22,89,71,395,198
2120223,23,99,86,441,220
2120224,24,109,100,486,243
2120225,25,119,114,532,266
2120226,26,135,128,600,300
2120227,27,150,143,669,334
2120228,28,166,157,737,369
2120229,29,182,171,806,403
2120230,30,198,185,874,437
2120231,31,222,209,965,483
2120232,32,246,233,1056,528
2120233,33,269,257,1148,574
2120234,34,293,280,1239,619
2120235,35,317,304,1330,665
2120236,36,348,328,1444,722
2120237,37,380,352,1558,779
2120238,38,412,375,1672,836
2120239,39,444,399,1786,893
2120240,40,475,423,1900,950
2120241,41,515,451,2052,1026
2120242,42,554,480,2204,1102
2120243,43,594,508,2356,1178
2120244,44,634,537,2508,1254
2120245,45,673,565,2660,1330
2120246,46,733,594,2831,1416
2120247,47,792,622,3002,1501
2120248,48,851,651,3173,1587
2120249,49,911,679,3344,1672
2120250,50,970,708,3515,1758
2120251,51,1041,736,3715,1857
2120252,52,1113,765,3914,1957
2120253,53,1184,793,4114,2057
2120254,54,1255,822,4313,2157
2120255,55,1327,850,4513,2256
2120256,56,1406,879,4741,2370
2120257,57,1485,907,4969,2484
2120258,58,1564,936,5197,2598
2120259,59,1643,964,5425,2712
2120260,60,1723,993,5653,2826
2220201,1,13,6,42,21
2220202,2,13,7,46,23
2220203,3,14,8,49,25
2220204,4,15,9,53,27
2220205,5,16,10,57,29
2220206,6,17,10,65,32
2220207,7,19,11,72,36
2220208,8,21,12,80,40
2220209,9,22,13,87,44
2220210,10,24,14,95,48
2220211,11,27,17,106,53
2220212,12,30,20,118,59
2220213,13,33,23,129,65
2220214,14,36,26,141,70
2220215,15,40,29,152,76
2220216,16,46,31,182,91
2220217,17,51,34,213,106
2220218,18,57,37,243,122
2220219,19,63,40,274,137
2220220,20,69,43,304,152
2220221,21,79,57,350,175
2220222,22,89,71,395,198
2220223,23,99,86,441,220
2220224,24,109,100,486,243
2220225,25,119,114,532,266
2220226,26,135,128,600,300
2220227,27,150,143,669,334
2220228,28,166,157,737,369
2220229,29,182,171,806,403
2220230,30,198,185,874,437
2220231,31,222,209,965,483
2220232,32,246,233,1056,528
2220233,33,269,257,1148,574
2220234,34,293,280,1239,619
2220235,35,317,304,1330,665
2220236,36,348,328,1444,722
2220237,37,380,352,1558,779
2220238,38,412,375,1672,836
2220239,39,444,399,1786,893
2220240,40,475,423,1900,950
2220241,41,515,451,2052,1026
2220242,42,554,480,2204,1102
2220243,43,594,508,2356,1178
2220244,44,634,537,2508,1254
2220245,45,673,565,2660,1330
2220246,46,733,594,2831,1416
2220247,47,792,622,3002,1501
2220248,48,851,651,3173,1587
2220249,49,911,679,3344,1672
2220250,50,970,708,3515,1758
2220251,51,1041,736,3715,1857
2220252,52,1113,765,3914,1957
2220253,53,1184,793,4114,2057
2220254,54,1255,822,4313,2157
2220255,55,1327,850,4513,2256
2220256,56,1406,879,4741,2370
2220257,57,1485,907,4969,2484
2220258,58,1564,936,5197,2598
2220259,59,1643,964,5425,2712
2220260,60,1723,993,5653,2826
2320201,1,13,6,42,21
2320202,2,13,7,46,23
2320203,3,14,8,49,25
2320204,4,15,9,53,27
2320205,5,16,10,57,29
2320206,6,17,10,65,32
2320207,7,19,11,72,36
2320208,8,21,12,80,40
2320209,9,22,13,87,44
2320210,10,24,14,95,48
2320211,11,27,17,106,53
2320212,12,30,20,118,59
2320213,13,33,23,129,65
2320214,14,36,26,141,70
2320215,15,40,29,152,76
2320216,16,46,31,182,91
2320217,17,51,34,213,106
2320218,18,57,37,243,122
2320219,19,63,40,274,137
2320220,20,69,43,304,152
2320221,21,79,57,350,175
2320222,22,89,71,395,198
2320223,23,99,86,441,220
2320224,24,109,100,486,243
2320225,25,119,114,532,266
2320226,26,135,128,600,300
2320227,27,150,143,669,334
2320228,28,166,157,737,369
2320229,29,182,171,806,403
2320230,30,198,185,874,437
2320231,31,222,209,965,483
2320232,32,246,233,1056,528
2320233,33,269,257,1148,574
2320234,34,293,280,1239,619
2320235,35,317,304,1330,665
2320236,36,348,328,1444,722
2320237,37,380,352,1558,779
2320238,38,412,375,1672,836
2320239,39,444,399,1786,893
2320240,40,475,423,1900,950
2320241,41,515,451,2052,1026
2320242,42,554,480,2204,1102
2320243,43,594,508,2356,1178
2320244,44,634,537,2508,1254
2320245,45,673,565,2660,1330
2320246,46,733,594,2831,1416
2320247,47,792,622,3002,1501
2320248,48,851,651,3173,1587
2320249,49,911,679,3344,1672
2320250,50,970,708,3515,1758
2320251,51,1041,736,3715,1857
2320252,52,1113,765,3914,1957
2320253,53,1184,793,4114,2057
2320254,54,1255,822,4313,2157
2320255,55,1327,850,4513,2256
2320256,56,1406,879,4741,2370
2320257,57,1485,907,4969,2484
2320258,58,1564,936,5197,2598
2320259,59,1643,964,5425,2712
2320260,60,1723,993,5653,2826
2040101,1,10,6,513,300
2040102,2,11,7,537,314
2040103,3,12,8,562,329
2040104,4,12,9,586,343
2040105,5,13,10,611,358
2040106,6,15,11,652,382
2040107,7,17,12,693,406
2040108,8,19,13,734,430
2040109,9,20,14,775,454
2040110,10,22,15,816,478
2040111,11,25,19,918,538
2040112,12,29,21,1021,598
2040113,13,32,24,1123,658
2040114,14,35,27,1226,718
2040115,15,43,30,1328,778
2040116,16,50,33,1482,868
2040117,17,55,36,1636,958
2040118,18,60,39,1790,1048
2040119,19,65,42,1943,1138
2040120,20,69,45,2097,1228
2040121,21,76,55,2353,1378
2040122,22,83,69,2610,1528
2040123,23,89,83,2866,1678
2040124,24,96,97,3122,1828
2040125,25,103,111,3378,1978
2040126,26,116,124,3788,2218
2040127,27,126,138,4198,2458
2040128,28,136,152,4608,2698
2040129,29,146,166,5018,2938
2040130,30,156,180,5428,3178
2040131,31,169,202,6248,3658
2040132,32,181,220,7068,4138
2040133,33,194,238,7888,4618
2040134,34,206,256,8708,5098
2040135,35,218,274,9528,5578
2040136,36,241,292,10348,6058
2040137,37,260,310,11168,6538
2040138,38,279,328,11988,7018
2040139,39,298,346,12808,7498
2040140,40,316,364,13628,7978
2040141,41,354,388,14858,8698
2040142,42,385,412,16088,9418
2040143,43,416,436,17318,10138
2040144,44,447,460,18548,10858
2040145,45,479,484,20188,11818
2040146,46,533,508,21828,12778
2040147,47,574,532,23468,13738
2040148,48,616,556,25108,14698
2040149,49,658,580,26748,15658
2040150,50,699,604,28388,16618
2040151,51,787,600,30438,17818
2040152,52,870,628,32488,19018
2040153,53,953,656,34538,20218
2040154,54,1036,684,36588,21418
2040155,55,1119,712,38638,22618
2040156,56,1203,740,41201,24118
2040157,57,1286,768,43763,25618
2040158,58,1369,796,46326,27118
2040159,59,1452,824,48888,28618
2040160,60,1536,852,51451,30118
2040235,35,262,255,40000,25000
2400120,20,69,43,304,152
2010101,1,13,6,42,21
2010102,2,13,7,46,23
2010103,3,14,8,49,25
2010104,4,15,9,53,27
2010105,5,16,10,57,29
2010106,6,17,10,65,32
2010107,7,19,11,72,36
2010108,8,21,12,80,40
2010109,9,22,13,87,44
2010110,10,24,14,95,48
2010111,11,27,17,106,53
2010112,12,30,20,118,59
2010113,13,33,23,129,65
2010114,14,36,26,141,70
2010115,15,40,29,152,76
2010116,16,46,31,182,91
2010117,17,51,34,213,106
2010118,18,57,37,243,122
2010119,19,63,40,274,137
2010120,20,69,43,304,152
2010121,21,79,57,350,175
2010122,22,89,71,395,198
2010123,23,99,86,441,220
2010124,24,109,100,486,243
2010125,25,119,114,532,266
2010126,26,135,128,600,300
2010127,27,150,143,669,334
2010128,28,166,157,737,369
2010129,29,182,171,806,403
2010130,30,198,185,874,437
2010131,31,222,209,965,483
2010132,32,246,233,1056,528
2010133,33,269,257,1148,574
2010134,34,293,280,1239,619
2010135,35,317,304,1330,665
2010136,36,348,328,1444,722
2010137,37,380,352,1558,779
2010138,38,412,375,1672,836
2010139,39,444,399,1786,893
2010140,40,475,423,1900,950
2010141,41,515,451,2052,1026
2010142,42,554,480,2204,1102
2010143,43,594,508,2356,1178
2010144,44,634,537,2508,1254
2010145,45,673,565,2660,1330
2010146,46,733,594,2831,1416
2010147,47,792,622,3002,1501
2010148,48,851,651,3173,1587
2010149,49,911,679,3344,1672
2010150,50,970,708,3515,1758
2010151,51,1041,736,3715,1857
2010152,52,1113,765,3914,1957
2010153,53,1184,793,4114,2057
2010154,54,1255,822,4313,2157
2010155,55,1327,850,4513,2256
2010156,56,1406,879,4741,2370
2010157,57,1485,907,4969,2484
2010158,58,1564,936,5197,2598
2010159,59,1643,964,5425,2712
2010160,60,1723,993,5653,2826
2020101,1,13,6,42,21
2020102,2,13,7,46,23
2020103,3,14,8,49,25
2020104,4,15,9,53,27
2020105,5,16,10,57,29
2020106,6,17,10,65,32
2020107,7,19,11,72,36
2020108,8,21,12,80,40
2020109,9,22,13,87,44
2020110,10,24,14,95,48
2020111,11,27,17,106,53
2020112,12,30,20,118,59
2020113,13,33,23,129,65
2020114,14,36,26,141,70
2020115,15,40,29,152,76
2020116,16,46,31,182,91
2020117,17,51,34,213,106
2020118,18,57,37,243,122
2020119,19,63,40,274,137
2020120,20,69,43,304,152
2020121,21,79,57,350,175
2020122,22,89,71,395,198
2020123,23,99,86,441,220
2020124,24,109,100,486,243
2020125,25,119,114,532,266
2020126,26,135,128,600,300
2020127,27,150,143,669,334
2020128,28,166,157,737,369
2020129,29,182,171,806,403
2020130,30,198,185,874,437
2020131,31,222,209,965,483
2020132,32,246,233,1056,528
2020133,33,269,257,1148,574
2020134,34,293,280,1239,619
2020135,35,317,304,1330,665
2020136,36,348,328,1444,722
2020137,37,380,352,1558,779
2020138,38,412,375,1672,836
2020139,39,444,399,1786,893
2020140,40,475,423,1900,950
2020141,41,515,451,2052,1026
2020142,42,554,480,2204,1102
2020143,43,594,508,2356,1178
2020144,44,634,537,2508,1254
2020145,45,673,565,2660,1330
2020146,46,733,594,2831,1416
2020147,47,792,622,3002,1501
2020148,48,851,651,3173,1587
2020149,49,911,679,3344,1672
2020150,50,970,708,3515,1758
2020151,51,1041,736,3715,1857
2020152,52,1113,765,3914,1957
2020153,53,1184,793,4114,2057
2020154,54,1255,822,4313,2157
2020155,55,1327,850,4513,2256
2020156,56,1406,879,4741,2370
2020157,57,1485,907,4969,2484
2020158,58,1564,936,5197,2598
2020159,59,1643,964,5425,2712
2020160,60,1723,993,5653,2826
